City, First letter, Last letter
Abidjan, a, n
Abuja, a, a
Accra, a, a
Adana, a, a
Addis Ababa, a, a
Agra, a, a
Ahmedabad, a, d
Aleppo, a, o
Alexandria, a, a
Algiers, a, s
Almaty, a, y
Amman, a, n
Ankang, a, g
Ankara, a, a
Anqing, a, g
Anshan, a, n
Anshun, a, n
Antananarivo, a, o
Athens, a, s
Atlanta, a, a
Austin, a, n
Awka, a, a
Baghdad, b, d
Baicheng, b, g
Baicheng, b, g
Baku, b, u
Balandougou, b, u
Baltimore, b, e
Bamako, b, o
Bamenda, b, a
Bangalore, b, e
Bangkok, b, k
Baoding, b, g
Baojishi, b, i
Baoshan, b, n
Baotou, b, u
Barcelona, b, a
Bazhou, b, u
Beihai, b, i
Beijing, b, g
Beirut, b, t
Bekasi, b, i
Bekasi Kota, b, a
Belo Horizonte, b, e
Bengbu, b, u
Berlin, b, n
Bhopal, b, l
Bijie, b, e
Bilaspur, b, r
Binzhou, b, u
Birmingham, b, m
Blantyre, b, e
Boankra, b, a
Bogota, b, a
Boston, b, n
Bozhou, b, u
Brasilia, b, a
Brazzaville, b, e
Brisbane, b, e
Brooklyn, b, n
Bucharest, b, t
Budapest, b, t
Buenos Aires, b, s
Bursa, b, a
Busan, b, n
Cairo, c, o
Cali, c, i
Caloocan City, c, y
Cangzhou, c, u
Cape Town, c, n
Caracas, c, s
Casablanca, c, a
Changchun, c, n
Changde, c, e
Changsha, c, a
Changshu, c, u
Changzhi, c, i
Changzhou, c, u
Chaoyang, c, g
Chaozhou, c, u
Chattogram, c, m
Chengdu, c, u
Chengtangcun, c, n
Chennai, c, i
Chenzhou, c, u
Chicago, c, o
Chifeng, c, g
Chongqing, c, g
Chongzuo, c, o
Chuzhou, c, u
Cincinnati, c, i
Cleveland, c, d
Colombo, c, o
Columbus, c, s
Conakry, c, y
Cordoba, c, a
Curitiba, c, a
Daegu, d, u
Dalian, d, n
Dallas, d, s
Damascus, d, s
Dandong, d, g
Daqing, d, g
Dar es Salaam, d, m
Davao, d, o
Dazhou, d, u
Delhi, d, i
Denver, d, r
Depok, d, k
Detroit, d, t
Deyang, d, g
Dezhou, d, u
Dhaka, d, a
Dingxi, d, i
Diyarbakir, d, r
Dongguan, d, n
Douala, d, a
Dubai, d, i
Ecatepec, e, c
Esfahan, e, n
Faisalabad, f, d
Fortaleza, f, a
Foshan, f, n
Fukuoka, f, a
Fushun, f, n
Fuxin, f, n
Fuyang, f, g
Fuzhou, f, u
Fuzhou, f, u
Ganzhou, g, u
Gaoping, g, g
Gazipura, g, a
Ghaziabad, g, d
Giza, g, a
Guadalajara, g, a
Guang'an, g, n
Guangyuan, g, n
Guangzhou, g, u
Guatemala City, g, y
Guayaquil, g, l
Guigang, g, g
Guilin, g, n
Guiyang, g, g
Gujranwala, g, a
Gulou, g, u
Haikou, h, u
Haiphong, h, g
Hamburg, h, g
Handan, h, n
Hangzhou, h, u
Hanoi, h, i
Hanzhong, h, g
Harare, h, e
Harbin, h, n
Havana, h, a
Hebi, h, i
Hechi, h, i
Hefei, h, i
Heihe, h, e
Hengshui, h, i
Hengyang, h, g
Heyuan, h, n
Heze, h, e
Hezhou, h, u
Ho Chi Minh City, h, y
Hohhot, h, t
Hong Kong, h, g
Houston, h, n
Huai'an, h, n
Huaibei, h, i
Huaihua, h, a
Huainan, h, n
Huanggang, h, g
Huanglongsi, h, i
Huangshi, h, i
Huizhou, h, u
Huludao, h, o
Hyderabad, h, d
Hyderabad City, h, y
Ibadan, i, n
Incheon, i, n
Indianapolis, i, s
Indore, i, e
Istanbul, i, l
Izmir, i, r
Jaipur, j, r
Jakarta, j, a
Jeddah, j, h
Ji'an, j, n
Jiamusi, j, i
Jiangguanchi, j, i
Jiangmen, j, n
Jiangyin, j, n
Jiaozuo, j, o
Jieyang, j, g
Jilin, j, n
Jinan, j, n
Jincheng, j, g
Jingdezhen, j, n
Jining, j, g
Jinzhou, j, u
Jiujiang, j, g
Jixi, j, i
Johannesburg, j, g
Kabul, k, l
Kampala, k, a
Kananga, k, a
Kano, k, o
Kanpur, k, r
Kansas City, k, y
Kaohsiung, k, g
Karachi, k, i
Karaj, k, j
Khartoum, k, m
Khowrhesht, k, t
Kinshasa, k, a
Kolkata, k, a
Konya, k, a
Kotla Qasim Khan, k, n
Kowloon, k, n
Kuala Lumpur, k, r
Kumasi, k, i
Kunming, k, g
Kuwait City, k, y
Kyiv, k, v
La Paz, l, z
Lagos, l, s
Lahore, l, e
Laibin, l, n
Langfang, l, g
Lanzhou, l, u
Las Vegas, l, s
Leon de los Aldama, l, a
Leshan, l, n
Lianshan, l, n
Liaocheng, l, g
Liaoyang, l, g
Lima, l, a
Lincang, l, g
Linfen, l, n
Linyi, l, i
Lishui, l, i
Liuzhou, l, u
London, l, n
Longba, l, a
Longyan, l, n
Los Angeles, l, s
Loudi, l, i
Lu'an, l, n
Luanda, l, a
Lubumbashi, l, i
Lucknow, l, w
Ludhiana, l, a
Luohe, l, e
Luoyang, l, g
Lusaka, l, a
Luzhou, l, u
Ma'anshan, m, n
Madrid, m, d
Malang, m, g
Manaus, m, s
Manhattan, m, n
Manila, m, a
Maoming, m, g
Mashhad, m, d
Masqat, m, t
Masvingo, m, o
Mbuji-Mayi, m, i
Mecca, m, a
Medan, m, n
Medellin, m, n
Meishan, m, n
Meizhou, m, u
Melbourne, m, e
Mersin, m, n
Mexico City, m, y
Miami, m, i
Mianyang, m, g
Minneapolis, m, s
Minsk, m, k
Mirzapur, m, r
Mogadishu, m, u
Monterrey, m, y
Montevideo, m, o
Montreal, m, l
Moscow, m, w
Mosul, m, l
Mudanjiang, m, g
Multan, m, n
Mumbai, m, i
Munich, m, h
Nagoya, n, a
Nagpur, n, r
Nairobi, n, i
Nanchang, n, g
Nanchong, n, g
Nangandao, n, o
Nanjing, n, g
Nanning, n, g
Nanping, n, g
Nantong, n, g
Nanyang, n, g
Neijiang, n, g
New York, n, k
Ningbo, n, o
Ningde, n, e
Novosibirsk, n, k
Omdurman, o, n
Orlando, o, o
Osaka, o, a
Ouagadougou, o, u
Paris, p, s
Patna, p, a
Perth, p, h
Peshawar, p, r
Philadelphia, p, a
Phnom Penh, p, h
Phoenix, p, x
Pimpri-Chinchwad, p, d
Pingdingshan, p, n
Pingliang, p, g
Pingxiang, p, g
Pittsburgh, p, h
Port Harcourt, p, t
Portland, p, d
Pudong, p, g
Puebla, p, a
Pune, p, e
Puning, p, g
Putian, p, n
Puyang, p, g
Pyongyang, p, g
Qinbaling, q, g
Qincheng, q, g
Qingdao, q, o
Qingyang, q, g
Qingyuan, q, n
Qinhuangdao, q, o
Qinzhou, q, u
Qiqihar, q, r
Quanzhou, q, u
Queens, q, s
Quezon City, q, y
Quito, q, o
Qujing, q, g
Rajkot, r, t
Rajshahi, r, i
Rangoon, r, n
Rawalpindi, r, i
Rio de Janeiro, r, o
Riverside, r, e
Riyadh, r, h
Rizhao, r, o
Rome, r, e
Sacramento, s, o
Saint Petersburg, s, g
Salvador, s, r
San Antonio, s, o
San Diego, s, o
San Francisco, s, o
San Jose, s, e
San Juan, s, n
Sanaa, s, a
Sanmenxia, s, a
Sanming, s, g
Santa Cruz, s, z
Santa Cruz de la Sierra, s, a
Santiago, s, o
Santos, s, s
Sanzhou, s, u
Sao Paulo, s, o
Sapporo, s, o
Seattle, s, e
Semarang, s, g
Seoul, s, l
Shanghai, s, i
Shangqiu, s, u
Shangrao, s, o
Shangzhou, s, u
Shantou, s, u
Shanwei, s, i
Shaoguan, s, n
Shaoxing, s, g
Shaoyang, s, g
Shengli, s, i
Shenyang, s, g
Shenzhen, s, n
Shijiazhuang, s, g
Shiraz, s, z
Shiyan, s, n
Shuozhou, s, u
Shuyangzha, s, a
Singapore, s, e
Siping, s, g
St. Louis, s, s
Stockholm, s, m
Stuttgart, s, t
Suihua, s, a
Suining, s, g
Supaul, s, l
Suqian, s, n
Surabaya, s, a
Surat, s, t
Suzhou, s, u
Suzhou, s, u
Sydney, s, y
Tai'an, t, n
Taichung, t, g
Tainan, t, n
Taipei, t, i
Taiyuan, t, n
Taizhou, t, u
Taizhou, t, u
Tampa, t, a
Tangerang, t, g
Tangshan, t, n
Tashkent, t, t
Tegucigalpa, t, a
Tehran, t, n
Thane, t, e
Tianjin, t, n
Tieling, t, g
Tijuana, t, a
Tilburg, t, g
Tokyo, t, o
Tongliao, t, o
Tongren, t, n
Tongshan, t, n
Toronto, t, o
Urumqi, u, i
Vadodara, v, a
Valencia, v, a
Vancouver, v, r
Vienna, v, a
Vishakhapatnam, v, m
Warsaw, w, w
Washington, w, n
Weifang, w, g
Weihai, w, i
Weinan, w, n
Wenzhou, w, u
Wuhan, w, n
Wuhu, w, u
Wuwei, w, i
Wuxi, w, i
Wuzhou, w, u
Xi'an, x, n
Xiamen, x, n
Xiangtan, x, n
Xiangyang, x, g
Xianyang, x, g
Xiaoganzhan, x, n
Xiaoxita, x, a
Ximeicun, x, n
Xingtai, x, i
Xining, x, g
Xinpu, x, u
Xinyang, x, g
Xinzhou, x, u
Xiping, x, g
Xuanzhou, x, u
Yan'an, y, n
Yancheng, y, g
Yangjiang, y, g
Yangzhou, y, u
Yanjiang, y, g
Yantai, y, i
Yaounde, y, e
Yibin, y, n
Yichun, y, n
Yinchuan, y, n
Yingkou, y, u
Yiyang, y, g
Yokohama, y, a
Yongzhou, y, u
Yopougon, y, n
Yulin, y, n
Yulinshi, y, i
Yuncheng, y, g
Yunfu, y, u
Yushan, y, n
Yuxi, y, i
Zamboanga City, z, y
Zaozhuang, z, g
Zhangjiakou, z, u
Zhangzhou, z, u
Zhanjiang, z, g
Zhaoqing, z, g
Zhaotong, z, g
Zhengzhou, z, u
Zhenjiang, z, g
Zhongli, z, i
Zhongshan, z, n
Zhoukou, z, u
Zhuhai, z, i
Zhumadian, z, n
Zhuzhou, z, u
Zibo, z, o
Zigong, z, g
Zunyi, z, i
